ID,Codigo SKU,Descricao,Descricao complementar,Unidade,Classificação fiscal,Origem,Situacao,Preco,Preco de custo,Preco de custo (USS),Observacoes,Cod do fabricante,Fabricante,Localizacao,Cálculo automático estoque min/max,Estoque minimo,Estoque maximo,Peso Liquido,Peso Bruto,Tipo Frete,GTIN/EAN,GTIN/EAN da Embalagem,Comentarios da embalagem,Quantidade de itens por embalagem,Tipo do item SPED,Unidades por caixa master,Categorizacao,Marca,Descricao do produto no Fornecedor,Descricao do produto na DI,Produto vendido na loja virtual,Título para a pagina,Keywords,Metatag Description,Comprimento (Cm),Largura (Cm),Altura (Cm),Comprimento real(Cm),Largura real (Cm),Altura real (Cm),Peso real,Adwords Remarketing code,Preço Anterior,Descricao detalhada do produto,Descricao para E-commerce,Tempo de Produção,Código de Enquadramento do IPI,Código CEST,Código ANP,Código Anvisa,Situacao Venda,Situacao Compra,URL,Produto Virtual,Unidade tributável,Fator de multiplicação,Estrutura de Produto,Data de Criação,CNPJ Unidade de Negócio,Tamanho C,Tamanho Bermuda,Tamanho Jogger 1,Numeração,Tamanho Regatas,Gênero,Tabela de Medidas,Composição,Tamanho Jogger,Tamanho Blusa,Tabela de medidas Leggings,Tabela de medidas Tops,Tabela de medidas Macacão,Tabela de Medidas Shorts,Tabela de medidas Vestidos,Tamanho Agasalho 2,Tabela de medidas Body,Cor,Tamanho Compressao,Tamanho Underwear 2,Cor Tray,Largura,Marca,Medida,Peso,Quantidade,Tamanho 3,Voltagem,Gênero tray,Tipo da Variação,Data inicial do preço promocional (Formato: dd/mm/aaaa),Data final do preço promocional (Formato: dd/mm/aaaa),Tipo de roupa 2,Regatas Vtex,tamanho pré venda,Tamanho Agasalho,Tamanho Blusa 2,Tamanho Camiseta,Tamanho Leggings,Tamanho Macacão,Tamanho Shorts,Tamanho Tops,Tamanho Vestidos,Tamanho Calças Fem,Tamanho Body,Tamanho Calça Compressão,Modelagem,Tamanho Underwear,video,Tipo de Roupa,É esportiva?,Tamanhos Calçados,Tamanho Tray,Tamanho Acessorios,Tamanho,Cores,Modelo,Gênero gender,Tempo de Garantia (Meses),Texto sobre a Garantia,Tamanho Any
1315773364,256392324,CAMISETA OVERSIZED GLADIATOR PRETA,"<p>Apresentamos a Camiseta Oversized Gladiator da Bulking, uma peça que combina estilo e conforto para um visual moderno e elegante. Com um toque natural, suave e confortável, essa camiseta é perfeita para proporcionar o máximo de conforto durante o uso.<br/><br />
O design exclusivo da Camiseta Oversized Gladiator Preta possui estampa frontal e nas costas um diferencial especial: a estampa foi feita em serigrafia. Esses detalhes agregam estilo e personalidade à peça, tornando-a única e marcante.<br/><br />
Produzida em Tecido Premium sem poliéster (algodão com elastano). Para garantir a durabilidade da peça, recomendamos cuidados especiais: lavar à mão, evite lavar à máquina, utilize água fria, não utilize alvejantes, não torça, evite misturar com outras cores, não deixe de molho e seque à sombra. O tecido passou por um processo de relaxamento e compactação, então evite torcer durante o uso e a lavagem. Seguindo essas orientações, você manterá a elegância extraordinária da camiseta inalterada ao longo do tempo.<br/><br />
A Marca Bulking, consolidada desde 2013, é reconhecida como a principal marca de moda fitness e casual masculina, especialmente para homens que praticam atividades físicas. Para escolher o tamanho ideal, consulte a tabela de medidas do produto e utilize o provador virtual, garantindo um ajuste perfeito.<br/><br />
Não perca a oportunidade de adquirir a Camiseta Oversized Gladiator Preta da Bulking e desfrute do conforto, qualidade e estilo premium que nossa marca renomada oferece.</p>",Un,6105.10.00,0,Ativo,"159,00","25,00","0,00",,0,BULKING INDUSTRIA E COMERCIO DE ROUPAS LTDA.,,Não,"10,00","0,00","0,220","0,220",,,,,0,,0,Camiseta,,,,S,CAMISETA OVERSIZED GLADIATOR PRETA,Bulking. Camiseta. Camiseta Bodybuilders. Camiseta Cinza. Camiseta Estampada. Camiseta Grande. Camiseta Masculina. Fitness Masculina. Gladiador. Imperio Romano. Imperium. Moda. Moda Fitness. Moda Masculina. Roupas masculinas,Camiseta Masculina da Bulking. Adquira em até 6x sem juros | Frete Grátis em Compras Acima de R$399,"30,00","25,00","3,00","0,00","0,00","0,00","0,000",,"199,00","A Camiseta Oversized Gladiator Preta da marca Bulking é a peça perfeita para quem busca estilo e conforto. Confeccionada com 96% Algodão e 4% Elastano, essa camiseta masculina oferece um caimento perfeito, garantindo liberdade de movimento e durabilidade. Com design moderno e urbano, a cor preta confere versatilidade, possibilitando diversas combinações de looks. A modelagem oversized proporciona um visual descolado e atual, ideal para homens que buscam se destacar com personalidade.

Aproveite nosso preço promocional por tempo limitado e adquira já a Camiseta Oversized Gladiator Preta para compor seu guarda-roupa com peças de qualidade e estilo. Seja para o dia a dia ou para ocasiões especiais, essa camiseta é a escolha certa para quem valoriza conforto, design e qualidade em suas roupas. Não perca essa oportunidade e garanta a sua!","Apresentamos a Camiseta Oversized Gladiator da Bulking, uma peça que combina estilo e conforto para um visual moderno e elegante. Com um toque natural, suave e confortável, essa camiseta é perfeita para proporcionar o máximo de conforto durante o uso. Compre Agora<br />
O design exclusivo da Camiseta Oversized Gladiator Preta possui estampa frontal e nas costas um diferencial especial: a estampa foi feita em serigrafia. Esses detalhes agregam estilo e personalidade à peça, tornando-a única e marcante.<br />
Produzida em Tecido Premium sem poliéster (algodão com elastano). Para garantir a durabilidade da peça, recomendamos cuidados especiais: lavar à mão, evite lavar à máquina, utilize água fria, não utilize alvejantes, não torça, evite misturar com outras cores, não deixe de molho e seque à sombra. O tecido passou por um processo de relaxamento e compactação, então evite torcer durante o uso e a lavagem. Seguindo essas orientações, você manterá a elegância extraordinária da camiseta inalterada ao longo do tempo.<br />
A Marca Bulking, consolidada desde 2013, é reconhecida como a principal marca de moda fitness e casual masculina, especialmente para homens que praticam atividades físicas. Para escolher o tamanho ideal, consulte a tabela de medidas do produto e utilize o provador virtual, garantindo um ajuste perfeito.<br />
Não perca a oportunidade de adquirir a Camiseta Oversized Gladiator Preta da Bulking e desfrute do conforto, qualidade e estilo premium que nossa marca renomada oferece.",30,999,,,,Ativo,Ativo,camiseta-oversized-gladiator-preta,N,,"1,00",,26/09/2023 17:29:21,,,,,,,,,96% Algodão 4% Elastano,,,,,,,,,,,,,,,,,,,,,,Tamanho Tray,05/02/2021,05/02/2051,,,,,,,,,,,,,,,,,,,,,,,,,,,,,
1321191104,256392324-1,CAMISETA OVERSIZED GLADIATOR PRETA P,"<p>Apresentamos a Camiseta Oversized Gladiator da Bulking, uma peça que combina estilo e conforto para um visual moderno e elegante. Com um toque natural, suave e confortável, essa camiseta é perfeita para proporcionar o máximo de conforto durante o uso.<br/><br />
O design exclusivo da Camiseta Oversized Gladiator Preta possui estampa frontal e nas costas um diferencial especial: a estampa foi feita em serigrafia. Esses detalhes agregam estilo e personalidade à peça, tornando-a única e marcante.<br/><br />
Produzida em Tecido Premium sem poliéster (algodão com elastano). Para garantir a durabilidade da peça, recomendamos cuidados especiais: lavar à mão, evite lavar à máquina, utilize água fria, não utilize alvejantes, não torça, evite misturar com outras cores, não deixe de molho e seque à sombra. O tecido passou por um processo de relaxamento e compactação, então evite torcer durante o uso e a lavagem. Seguindo essas orientações, você manterá a elegância extraordinária da camiseta inalterada ao longo do tempo.<br/><br />
A Marca Bulking, consolidada desde 2013, é reconhecida como a principal marca de moda fitness e casual masculina, especialmente para homens que praticam atividades físicas. Para escolher o tamanho ideal, consulte a tabela de medidas do produto e utilize o provador virtual, garantindo um ajuste perfeito.<br/><br />
Não perca a oportunidade de adquirir a Camiseta Oversized Gladiator Preta da Bulking e desfrute do conforto, qualidade e estilo premium que nossa marca renomada oferece.</p>",Un,6105.10.00,0,Ativo,"159,00","25,00","0,00",,0,BULKING INDUSTRIA E COMERCIO DE ROUPAS LTDA.,,Não,"10,00","0,00","0,220","0,220",,10023602891620,10023602891620,,0,,0,Camiseta,,,,S,CAMISETA OVERSIZED GLADIATOR PRETA,Bulking. Camiseta. Camiseta Bodybuilders. Camiseta Cinza. Camiseta Estampada. Camiseta Grande. Camiseta Masculina. Fitness Masculina. Gladiador. Imperio Romano. Imperium. Moda. Moda Fitness. Moda Masculina. Roupas masculinas,Camiseta Masculina da Bulking. Adquira em até 6x sem juros | Frete Grátis em Compras Acima de R$399,"30,00","25,00","3,00","0,00","0,00","0,00","0,000",,"159,00","A Camiseta Oversized Gladiator Preta da marca Bulking é a peça perfeita para quem busca estilo e conforto. Confeccionada com 96% Algodão e 4% Elastano, essa camiseta masculina oferece um caimento perfeito, garantindo liberdade de movimento e durabilidade. Com design moderno e urbano, a cor preta confere versatilidade, possibilitando diversas combinações de looks. A modelagem oversized proporciona um visual descolado e atual, ideal para homens que buscam se destacar com personalidade.

Aproveite nosso preço promocional por tempo limitado e adquira já a Camiseta Oversized Gladiator Preta para compor seu guarda-roupa com peças de qualidade e estilo. Seja para o dia a dia ou para ocasiões especiais, essa camiseta é a escolha certa para quem valoriza conforto, design e qualidade em suas roupas. Não perca essa oportunidade e garanta a sua!","Apresentamos a Camiseta Oversized Gladiator da Bulking, uma peça que combina estilo e conforto para um visual moderno e elegante. Com um toque natural, suave e confortável, essa camiseta é perfeita para proporcionar o máximo de conforto durante o uso. Compre Agora<br />
O design exclusivo da Camiseta Oversized Gladiator Preta possui estampa frontal e nas costas um diferencial especial: a estampa foi feita em serigrafia. Esses detalhes agregam estilo e personalidade à peça, tornando-a única e marcante.<br />
Produzida em Tecido Premium sem poliéster (algodão com elastano). Para garantir a durabilidade da peça, recomendamos cuidados especiais: lavar à mão, evite lavar à máquina, utilize água fria, não utilize alvejantes, não torça, evite misturar com outras cores, não deixe de molho e seque à sombra. O tecido passou por um processo de relaxamento e compactação, então evite torcer durante o uso e a lavagem. Seguindo essas orientações, você manterá a elegância extraordinária da camiseta inalterada ao longo do tempo.<br />
A Marca Bulking, consolidada desde 2013, é reconhecida como a principal marca de moda fitness e casual masculina, especialmente para homens que praticam atividades físicas. Para escolher o tamanho ideal, consulte a tabela de medidas do produto e utilize o provador virtual, garantindo um ajuste perfeito.<br />
Não perca a oportunidade de adquirir a Camiseta Oversized Gladiator Preta da Bulking e desfrute do conforto, qualidade e estilo premium que nossa marca renomada oferece.",30,999,,,,Ativo,Ativo,camiseta-oversized-gladiator-preta,N,,"1,00",,03/10/2023 17:49:25,,,,,,,,,,,,,,,,,,,,,,,,,,,,,,,,05/02/2021,05/02/2051,,,,,,P,,,,,,,,,,,,,,,,,P,,,,,,P
1321191525,256392324-2,CAMISETA OVERSIZED GLADIATOR PRETA M,"<p>Apresentamos a Camiseta Oversized Gladiator da Bulking, uma peça que combina estilo e conforto para um visual moderno e elegante. Com um toque natural, suave e confortável, essa camiseta é perfeita para proporcionar o máximo de conforto durante o uso.<br/><br />
O design exclusivo da Camiseta Oversized Gladiator Preta possui estampa frontal e nas costas um diferencial especial: a estampa foi feita em serigrafia. Esses detalhes agregam estilo e personalidade à peça, tornando-a única e marcante.<br/><br />
Produzida em Tecido Premium sem poliéster (algodão com elastano). Para garantir a durabilidade da peça, recomendamos cuidados especiais: lavar à mão, evite lavar à máquina, utilize água fria, não utilize alvejantes, não torça, evite misturar com outras cores, não deixe de molho e seque à sombra. O tecido passou por um processo de relaxamento e compactação, então evite torcer durante o uso e a lavagem. Seguindo essas orientações, você manterá a elegância extraordinária da camiseta inalterada ao longo do tempo.<br/><br />
A Marca Bulking, consolidada desde 2013, é reconhecida como a principal marca de moda fitness e casual masculina, especialmente para homens que praticam atividades físicas. Para escolher o tamanho ideal, consulte a tabela de medidas do produto e utilize o provador virtual, garantindo um ajuste perfeito.<br/><br />
Não perca a oportunidade de adquirir a Camiseta Oversized Gladiator Preta da Bulking e desfrute do conforto, qualidade e estilo premium que nossa marca renomada oferece.</p>",Un,6105.10.00,0,Ativo,"159,00","115,89","0,00",,0,BULKING INDUSTRIA E COMERCIO DE ROUPAS LTDA.,,Não,"10,00","0,00","0,220","0,220",,10028127463116,10028127463116,,0,,0,Camiseta,,,,S,CAMISETA OVERSIZED GLADIATOR PRETA,Bulking. Camiseta. Camiseta Bodybuilders. Camiseta Cinza. Camiseta Estampada. Camiseta Grande. Camiseta Masculina. Fitness Masculina. Gladiador. Imperio Romano. Imperium. Moda. Moda Fitness. Moda Masculina. Roupas masculinas,Camiseta Masculina da Bulking. Adquira em até 6x sem juros | Frete Grátis em Compras Acima de R$399,"30,00","25,00","3,00","0,00","0,00","0,00","0,000",,"159,00","A Camiseta Oversized Gladiator Preta da marca Bulking é a peça perfeita para quem busca estilo e conforto. Confeccionada com 96% Algodão e 4% Elastano, essa camiseta masculina oferece um caimento perfeito, garantindo liberdade de movimento e durabilidade. Com design moderno e urbano, a cor preta confere versatilidade, possibilitando diversas combinações de looks. A modelagem oversized proporciona um visual descolado e atual, ideal para homens que buscam se destacar com personalidade.

Aproveite nosso preço promocional por tempo limitado e adquira já a Camiseta Oversized Gladiator Preta para compor seu guarda-roupa com peças de qualidade e estilo. Seja para o dia a dia ou para ocasiões especiais, essa camiseta é a escolha certa para quem valoriza conforto, design e qualidade em suas roupas. Não perca essa oportunidade e garanta a sua!","Apresentamos a Camiseta Oversized Gladiator da Bulking, uma peça que combina estilo e conforto para um visual moderno e elegante. Com um toque natural, suave e confortável, essa camiseta é perfeita para proporcionar o máximo de conforto durante o uso. Compre Agora<br />
O design exclusivo da Camiseta Oversized Gladiator Preta possui estampa frontal e nas costas um diferencial especial: a estampa foi feita em serigrafia. Esses detalhes agregam estilo e personalidade à peça, tornando-a única e marcante.<br />
Produzida em Tecido Premium sem poliéster (algodão com elastano). Para garantir a durabilidade da peça, recomendamos cuidados especiais: lavar à mão, evite lavar à máquina, utilize água fria, não utilize alvejantes, não torça, evite misturar com outras cores, não deixe de molho e seque à sombra. O tecido passou por um processo de relaxamento e compactação, então evite torcer durante o uso e a lavagem. Seguindo essas orientações, você manterá a elegância extraordinária da camiseta inalterada ao longo do tempo.<br />
A Marca Bulking, consolidada desde 2013, é reconhecida como a principal marca de moda fitness e casual masculina, especialmente para homens que praticam atividades físicas. Para escolher o tamanho ideal, consulte a tabela de medidas do produto e utilize o provador virtual, garantindo um ajuste perfeito.<br />
Não perca a oportunidade de adquirir a Camiseta Oversized Gladiator Preta da Bulking e desfrute do conforto, qualidade e estilo premium que nossa marca renomada oferece.",30,999,,,,Ativo,Ativo,camiseta-oversized-gladiator-preta,N,,"1,00",,03/10/2023 17:49:53,,,,,,,,,,,,,,,,,,,,,,,,,,,,,,,,05/02/2021,05/02/2051,,,,,,M,,,,,,,,,,,,,,,,,M,,,,,,M
1321192155,256392324-3,CAMISETA OVERSIZED GLADIATOR PRETA G,"<p>Apresentamos a Camiseta Oversized Gladiator da Bulking, uma peça que combina estilo e conforto para um visual moderno e elegante. Com um toque natural, suave e confortável, essa camiseta é perfeita para proporcionar o máximo de conforto durante o uso.<br/><br />
O design exclusivo da Camiseta Oversized Gladiator Preta possui estampa frontal e nas costas um diferencial especial: a estampa foi feita em serigrafia. Esses detalhes agregam estilo e personalidade à peça, tornando-a única e marcante.<br/><br />
Produzida em Tecido Premium sem poliéster (algodão com elastano). Para garantir a durabilidade da peça, recomendamos cuidados especiais: lavar à mão, evite lavar à máquina, utilize água fria, não utilize alvejantes, não torça, evite misturar com outras cores, não deixe de molho e seque à sombra. O tecido passou por um processo de relaxamento e compactação, então evite torcer durante o uso e a lavagem. Seguindo essas orientações, você manterá a elegância extraordinária da camiseta inalterada ao longo do tempo.<br/><br />
A Marca Bulking, consolidada desde 2013, é reconhecida como a principal marca de moda fitness e casual masculina, especialmente para homens que praticam atividades físicas. Para escolher o tamanho ideal, consulte a tabela de medidas do produto e utilize o provador virtual, garantindo um ajuste perfeito.<br/><br />
Não perca a oportunidade de adquirir a Camiseta Oversized Gladiator Preta da Bulking e desfrute do conforto, qualidade e estilo premium que nossa marca renomada oferece.</p>",Un,6105.10.00,0,Ativo,"159,00","14,01","0,00",,0,BULKING INDUSTRIA E COMERCIO DE ROUPAS LTDA.,,Não,"10,00","0,00","0,220","0,220",,10016299514828,10016299514828,,0,,0,Camiseta,,,,S,CAMISETA OVERSIZED GLADIATOR PRETA,Bulking. Camiseta. Camiseta Bodybuilders. Camiseta Cinza. Camiseta Estampada. Camiseta Grande. Camiseta Masculina. Fitness Masculina. Gladiador. Imperio Romano. Imperium. Moda. Moda Fitness. Moda Masculina. Roupas masculinas,Camiseta Masculina da Bulking. Adquira em até 6x sem juros | Frete Grátis em Compras Acima de R$399,"30,00","25,00","3,00","0,00","0,00","0,00","0,000",,"159,00","A Camiseta Oversized Gladiator Preta da marca Bulking é a peça perfeita para quem busca estilo e conforto. Confeccionada com 96% Algodão e 4% Elastano, essa camiseta masculina oferece um caimento perfeito, garantindo liberdade de movimento e durabilidade. Com design moderno e urbano, a cor preta confere versatilidade, possibilitando diversas combinações de looks. A modelagem oversized proporciona um visual descolado e atual, ideal para homens que buscam se destacar com personalidade.

Aproveite nosso preço promocional por tempo limitado e adquira já a Camiseta Oversized Gladiator Preta para compor seu guarda-roupa com peças de qualidade e estilo. Seja para o dia a dia ou para ocasiões especiais, essa camiseta é a escolha certa para quem valoriza conforto, design e qualidade em suas roupas. Não perca essa oportunidade e garanta a sua!","Apresentamos a Camiseta Oversized Gladiator da Bulking, uma peça que combina estilo e conforto para um visual moderno e elegante. Com um toque natural, suave e confortável, essa camiseta é perfeita para proporcionar o máximo de conforto durante o uso. Compre Agora<br />
O design exclusivo da Camiseta Oversized Gladiator Preta possui estampa frontal e nas costas um diferencial especial: a estampa foi feita em serigrafia. Esses detalhes agregam estilo e personalidade à peça, tornando-a única e marcante.<br />
Produzida em Tecido Premium sem poliéster (algodão com elastano). Para garantir a durabilidade da peça, recomendamos cuidados especiais: lavar à mão, evite lavar à máquina, utilize água fria, não utilize alvejantes, não torça, evite misturar com outras cores, não deixe de molho e seque à sombra. O tecido passou por um processo de relaxamento e compactação, então evite torcer durante o uso e a lavagem. Seguindo essas orientações, você manterá a elegância extraordinária da camiseta inalterada ao longo do tempo.<br />
A Marca Bulking, consolidada desde 2013, é reconhecida como a principal marca de moda fitness e casual masculina, especialmente para homens que praticam atividades físicas. Para escolher o tamanho ideal, consulte a tabela de medidas do produto e utilize o provador virtual, garantindo um ajuste perfeito.<br />
Não perca a oportunidade de adquirir a Camiseta Oversized Gladiator Preta da Bulking e desfrute do conforto, qualidade e estilo premium que nossa marca renomada oferece.",30,999,,,,Ativo,Ativo,camiseta-oversized-gladiator-preta,N,,"1,00",,03/10/2023 17:50:27,,,,,,,,,,,,,,,,,,,,,,,,,,,,,,,,05/02/2021,05/02/2051,,,,,,G,,,,,,,,,,,,,,,,,G,,,,,,G
1321192710,256392324-4,CAMISETA OVERSIZED GLADIATOR PRETA GG,"<p>Apresentamos a Camiseta Oversized Gladiator da Bulking, uma peça que combina estilo e conforto para um visual moderno e elegante. Com um toque natural, suave e confortável, essa camiseta é perfeita para proporcionar o máximo de conforto durante o uso.<br/><br />
O design exclusivo da Camiseta Oversized Gladiator Preta possui estampa frontal e nas costas um diferencial especial: a estampa foi feita em serigrafia. Esses detalhes agregam estilo e personalidade à peça, tornando-a única e marcante.<br/><br />
Produzida em Tecido Premium sem poliéster (algodão com elastano). Para garantir a durabilidade da peça, recomendamos cuidados especiais: lavar à mão, evite lavar à máquina, utilize água fria, não utilize alvejantes, não torça, evite misturar com outras cores, não deixe de molho e seque à sombra. O tecido passou por um processo de relaxamento e compactação, então evite torcer durante o uso e a lavagem. Seguindo essas orientações, você manterá a elegância extraordinária da camiseta inalterada ao longo do tempo.<br/><br />
A Marca Bulking, consolidada desde 2013, é reconhecida como a principal marca de moda fitness e casual masculina, especialmente para homens que praticam atividades físicas. Para escolher o tamanho ideal, consulte a tabela de medidas do produto e utilize o provador virtual, garantindo um ajuste perfeito.<br/><br />
Não perca a oportunidade de adquirir a Camiseta Oversized Gladiator Preta da Bulking e desfrute do conforto, qualidade e estilo premium que nossa marca renomada oferece.</p>",Un,6105.10.00,0,Ativo,"159,00","18,27","0,00",,0,BULKING INDUSTRIA E COMERCIO DE ROUPAS LTDA.,,Não,"10,00","0,00","0,220","0,220",,10068688106206,10068688106206,,0,,0,Camiseta,,,,S,CAMISETA OVERSIZED GLADIATOR PRETA,Bulking. Camiseta. Camiseta Bodybuilders. Camiseta Cinza. Camiseta Estampada. Camiseta Grande. Camiseta Masculina. Fitness Masculina. Gladiador. Imperio Romano. Imperium. Moda. Moda Fitness. Moda Masculina. Roupas masculinas,Camiseta Masculina da Bulking. Adquira em até 6x sem juros | Frete Grátis em Compras Acima de R$399,"30,00","25,00","3,00","0,00","0,00","0,00","0,000",,"159,00","A Camiseta Oversized Gladiator Preta da marca Bulking é a peça perfeita para quem busca estilo e conforto. Confeccionada com 96% Algodão e 4% Elastano, essa camiseta masculina oferece um caimento perfeito, garantindo liberdade de movimento e durabilidade. Com design moderno e urbano, a cor preta confere versatilidade, possibilitando diversas combinações de looks. A modelagem oversized proporciona um visual descolado e atual, ideal para homens que buscam se destacar com personalidade.

Aproveite nosso preço promocional por tempo limitado e adquira já a Camiseta Oversized Gladiator Preta para compor seu guarda-roupa com peças de qualidade e estilo. Seja para o dia a dia ou para ocasiões especiais, essa camiseta é a escolha certa para quem valoriza conforto, design e qualidade em suas roupas. Não perca essa oportunidade e garanta a sua!","Apresentamos a Camiseta Oversized Gladiator da Bulking, uma peça que combina estilo e conforto para um visual moderno e elegante. Com um toque natural, suave e confortável, essa camiseta é perfeita para proporcionar o máximo de conforto durante o uso. Compre Agora<br />
O design exclusivo da Camiseta Oversized Gladiator Preta possui estampa frontal e nas costas um diferencial especial: a estampa foi feita em serigrafia. Esses detalhes agregam estilo e personalidade à peça, tornando-a única e marcante.<br />
Produzida em Tecido Premium sem poliéster (algodão com elastano). Para garantir a durabilidade da peça, recomendamos cuidados especiais: lavar à mão, evite lavar à máquina, utilize água fria, não utilize alvejantes, não torça, evite misturar com outras cores, não deixe de molho e seque à sombra. O tecido passou por um processo de relaxamento e compactação, então evite torcer durante o uso e a lavagem. Seguindo essas orientações, você manterá a elegância extraordinária da camiseta inalterada ao longo do tempo.<br />
A Marca Bulking, consolidada desde 2013, é reconhecida como a principal marca de moda fitness e casual masculina, especialmente para homens que praticam atividades físicas. Para escolher o tamanho ideal, consulte a tabela de medidas do produto e utilize o provador virtual, garantindo um ajuste perfeito.<br />
Não perca a oportunidade de adquirir a Camiseta Oversized Gladiator Preta da Bulking e desfrute do conforto, qualidade e estilo premium que nossa marca renomada oferece.",30,999,,,,Ativo,Ativo,camiseta-oversized-gladiator-preta,N,,"1,00",,03/10/2023 17:50:55,,,,,,,,,,,,,,,,,,,,,,,,,,,,,,,,05/02/2021,05/02/2051,,,,,,GG,,,,,,,,,,,,,,,,,GG,,,,,,GG
1321193474,256392324-5,CAMISETA OVERSIZED GLADIATOR PRETA XGG,"<p>Apresentamos a Camiseta Oversized Gladiator da Bulking, uma peça que combina estilo e conforto para um visual moderno e elegante. Com um toque natural, suave e confortável, essa camiseta é perfeita para proporcionar o máximo de conforto durante o uso.<br/><br />
O design exclusivo da Camiseta Oversized Gladiator Preta possui estampa frontal e nas costas um diferencial especial: a estampa foi feita em serigrafia. Esses detalhes agregam estilo e personalidade à peça, tornando-a única e marcante.<br/><br />
Produzida em Tecido Premium sem poliéster (algodão com elastano). Para garantir a durabilidade da peça, recomendamos cuidados especiais: lavar à mão, evite lavar à máquina, utilize água fria, não utilize alvejantes, não torça, evite misturar com outras cores, não deixe de molho e seque à sombra. O tecido passou por um processo de relaxamento e compactação, então evite torcer durante o uso e a lavagem. Seguindo essas orientações, você manterá a elegância extraordinária da camiseta inalterada ao longo do tempo.<br/><br />
A Marca Bulking, consolidada desde 2013, é reconhecida como a principal marca de moda fitness e casual masculina, especialmente para homens que praticam atividades físicas. Para escolher o tamanho ideal, consulte a tabela de medidas do produto e utilize o provador virtual, garantindo um ajuste perfeito.<br/><br />
Não perca a oportunidade de adquirir a Camiseta Oversized Gladiator Preta da Bulking e desfrute do conforto, qualidade e estilo premium que nossa marca renomada oferece.</p>",Un,6105.10.00,0,Ativo,"159,00","21,47","0,00",,0,BULKING INDUSTRIA E COMERCIO DE ROUPAS LTDA.,,Não,"10,00","3,00","0,220","0,220",,10056152108436,10056152108436,,0,,0,Camiseta,,,,S,CAMISETA OVERSIZED GLADIATOR PRETA,Bulking. Camiseta. Camiseta Bodybuilders. Camiseta Cinza. Camiseta Estampada. Camiseta Grande. Camiseta Masculina. Fitness Masculina. Gladiador. Imperio Romano. Imperium. Moda. Moda Fitness. Moda Masculina. Roupas masculinas,Camiseta Masculina da Bulking. Adquira em até 6x sem juros | Frete Grátis em Compras Acima de R$399,"30,00","25,00","3,00","0,00","0,00","0,00","0,000",,"159,00","A Camiseta Oversized Gladiator Preta da marca Bulking é a peça perfeita para quem busca estilo e conforto. Confeccionada com 96% Algodão e 4% Elastano, essa camiseta masculina oferece um caimento perfeito, garantindo liberdade de movimento e durabilidade. Com design moderno e urbano, a cor preta confere versatilidade, possibilitando diversas combinações de looks. A modelagem oversized proporciona um visual descolado e atual, ideal para homens que buscam se destacar com personalidade.

Aproveite nosso preço promocional por tempo limitado e adquira já a Camiseta Oversized Gladiator Preta para compor seu guarda-roupa com peças de qualidade e estilo. Seja para o dia a dia ou para ocasiões especiais, essa camiseta é a escolha certa para quem valoriza conforto, design e qualidade em suas roupas. Não perca essa oportunidade e garanta a sua!","Apresentamos a Camiseta Oversized Gladiator da Bulking, uma peça que combina estilo e conforto para um visual moderno e elegante. Com um toque natural, suave e confortável, essa camiseta é perfeita para proporcionar o máximo de conforto durante o uso. Compre Agora<br />
O design exclusivo da Camiseta Oversized Gladiator Preta possui estampa frontal e nas costas um diferencial especial: a estampa foi feita em serigrafia. Esses detalhes agregam estilo e personalidade à peça, tornando-a única e marcante.<br />
Produzida em Tecido Premium sem poliéster (algodão com elastano). Para garantir a durabilidade da peça, recomendamos cuidados especiais: lavar à mão, evite lavar à máquina, utilize água fria, não utilize alvejantes, não torça, evite misturar com outras cores, não deixe de molho e seque à sombra. O tecido passou por um processo de relaxamento e compactação, então evite torcer durante o uso e a lavagem. Seguindo essas orientações, você manterá a elegância extraordinária da camiseta inalterada ao longo do tempo.<br />
A Marca Bulking, consolidada desde 2013, é reconhecida como a principal marca de moda fitness e casual masculina, especialmente para homens que praticam atividades físicas. Para escolher o tamanho ideal, consulte a tabela de medidas do produto e utilize o provador virtual, garantindo um ajuste perfeito.<br />
Não perca a oportunidade de adquirir a Camiseta Oversized Gladiator Preta da Bulking e desfrute do conforto, qualidade e estilo premium que nossa marca renomada oferece.",30,999,,,,Ativo,Ativo,camiseta-oversized-gladiator-preta,N,,"1,00",,03/10/2023 17:51:22,,,,,,,,,,,,,,,,,,,,,,,,,,,,,,,,05/02/2021,05/02/2051,,,,,,XGG,,,,,,,,,,,,,,,,,XGG,,,,,,XGG